{"stats":{"minecraft:custom":{"minecraft:jump":83,"minecraft:time_since_rest":6920,"minecraft:leave_game":1,"minecraft:damage_dealt":20,"minecraft:walk_on_water_one_cm":497,"minecraft:sprint_one_cm":6891,"minecraft:play_time":6920,"minecraft:time_since_death":6920,"minecraft:walk_one_cm":15170,"minecraft:sneak_time":5,"minecraft:total_world_time":6920,"minecraft:mob_kills":1,"minecraft:fall_one_cm":1523,"minecraft:fly_one_cm":13311},"minecraft:killed":{"alexsmobs:fly":1},"minecraft:picked_up":{"minecraft:poppy":16,"minecraft:dirt":5},"minecraft:used":{"minecraft:poppy":7,"minecraft:dirt":5},"minecraft:mined":{"minecraft:grass":6,"minecraft:grass_block":2,"minecraft:poppy":16,"minecraft:dirt":3}},"DataVersion":3465}