{"stats":{"minecraft:used":{"minecraft:dirt":8},"minecraft:custom":{"minecraft:jump":61,"minecraft:time_since_rest":1992,"minecraft:leave_game":1,"minecraft:walk_on_water_one_cm":118,"minecraft:sprint_one_cm":4455,"minecraft:play_time":1992,"minecraft:damage_taken":10,"minecraft:time_since_death":1992,"minecraft:walk_one_cm":4105,"minecraft:total_world_time":1992,"minecraft:walk_under_water_one_cm":43,"minecraft:swim_one_cm":2195,"minecraft:fall_one_cm":2810,"minecraft:fly_one_cm":12701},"minecraft:picked_up":{"minecraft:dirt":8},"minecraft:mined":{"minecraft:dirt":8}},"DataVersion":3465}