{"stats":{"minecraft:custom":{"minecraft:time_since_rest":6409,"minecraft:open_chest":1,"minecraft:crouch_one_cm":354,"minecraft:play_time":6409,"minecraft:sprint_one_cm":21686,"minecraft:damage_taken":30,"minecraft:walk_one_cm":5889,"minecraft:sneak_time":105,"minecraft:walk_under_water_one_cm":1045,"minecraft:mob_kills":1,"minecraft:jump":214,"minecraft:damage_dealt":150,"minecraft:time_since_death":6409,"minecraft:walk_on_water_one_cm":1204,"minecraft:total_world_time":6409,"minecraft:swim_one_cm":6781,"minecraft:fall_one_cm":6330,"minecraft:fly_one_cm":61276},"minecraft:used":{"minecraft:dirt":4,"minecraft:sand":3},"minecraft:picked_up":{"minecraft:wheat_seeds":1,"minecraft:porkchop":1,"minecraft:sand":3,"minecraft:dirt":4},"minecraft:mined":{"minecraft:grass_block":3,"minecraft:sand":3,"minecraft:dirt":1},"minecraft:killed":{"minecraft:pig":1}},"DataVersion":3465}