{"stats":{"minecraft:custom":{"minecraft:jump":99,"minecraft:open_chest":1,"minecraft:time_since_rest":2118,"minecraft:leave_game":1,"minecraft:damage_dealt":10,"minecraft:crouch_one_cm":1,"minecraft:sprint_one_cm":16562,"minecraft:play_time":2118,"minecraft:damage_taken":90,"minecraft:time_since_death":2118,"minecraft:walk_one_cm":3838,"minecraft:sneak_time":16,"minecraft:total_world_time":2118,"minecraft:fall_one_cm":3532,"minecraft:fly_one_cm":30823},"minecraft:picked_up":{"minecraft:sugar_cane":1,"minecraft:dirt":2},"minecraft:mined":{"minecraft:tall_grass":4,"minecraft:grass":12,"minecraft:grass_block":2,"minecraft:sugar_cane":2,"minecraft:dirt":1}},"DataVersion":3465}